{
  "eval_loss": 0.1779497265815735,
  "eval_precision": 0.9179295873163907,
  "eval_recall": 0.9119759091962011,
  "eval_f1": 0.9149430629793167,
  "eval_accuracy": 0.9519146018999118,
  "eval_runtime": 8.1555,
  "eval_samples_per_second": 18.883,
  "eval_steps_per_second": 4.782,
  "epoch": 9.0
}